,shap_mean_abs,lgb_gain
age_years,0.6837581889175535,17537.660230731963
told_high_bp,0.4535694183012115,6388.4972388267515
told_high_chol,0.2054922941615982,2083.560988712311
fib4,0.14553861170604876,1524.9074549674988
total_cholesterol_mg_dl,0.13573119165203604,3682.419483470917
income_poverty_ratio,0.11725059064295956,1298.1060433387756
family_hx_mi,0.11349875723562504,1585.4977540016175
smoke_years,0.09455672114411945,1388.4840206146241
mono_pct,0.0660849357943702,422.7215253829956
pack_years,0.06180888544000622,1012.9034193992615
acr_mg_g,0.06076423333135225,758.9028668403625
platelets_1000_ul,0.05937573529776959,829.4477819442749
hba1c_pct,0.05402785656894495,780.0843953132629
rdw_pct,0.04899476955391229,762.7923149108886
urine_albumin_mg_l,0.041137897939350805,940.9974219322205
creatinine_mg_dl,0.03936115825435467,1193.9382199287415
non_hdl_mg_dl,0.035175008684647104,677.261780166626
egfr_ckdepi2021,0.03303329569277049,1306.1728338241578
sex_male1_female2,0.032856649907758245,315.49198026657103
sbp_mmhg,0.032094689945217504,552.500053691864
mhr,0.030976474614402293,620.6925057411194
potassium_mmol_l,0.029594477714077673,423.4872486114502
lymph_pct,0.029516283624829838,716.5170150756836
dbp_mmhg,0.0282893741295879,552.0538397789002
waist_height_ratio,0.026750530308373172,234.5159296989441
iron_ug_dl,0.026480249990920277,372.97761287689207
alp_u_l,0.026169940766025843,314.39490432739257
weight_kg,0.024888101977920525,343.3824957847595
ldh_u_l,0.02472191552970932,424.9769418716431
hdl_mg_dl,0.024583057209723105,278.986132144928
bilirubin_total_mg_dl,0.022042668904041263,314.6055642127991
rbc_million_ul,0.019651001617212845,201.29089155197144
bun_creat_ratio,0.01935294411127502,182.82422399520874
map_mmhg,0.01928256952537901,307.53595609664916
sodium_mmol_l,0.019122701159375564,151.72061834335327
ldl_mg_dl,0.018801662177060478,285.1457218170166
bun_mg_dl,0.018528626317907446,399.3820501327515
fli,0.018494329592086974,298.9420125007629
ggt_u_l,0.017973531377133815,270.85082178115846
family_hx_diabetes,0.01795091229389997,103.58205804824829
tyg_bmi,0.016791401656311353,187.37464294433593
waist_cm,0.01640519559733216,272.8985958099365
log_acr,0.016310830777376602,248.49620294570923
tyg_index,0.01620880740616848,130.93605785369874
eos_pct,0.015759723844667374,275.02558012008666
uric_creat_ratio,0.015483894428881304,213.9298179626465
urine_creatinine_mg_dl,0.015432851337515787,346.0029447555542
education_level,0.014045272088982685,199.25213918685913
uric_acid_mg_dl,0.01369657044133796,408.6351812362671
race_ethnicity,0.013686752401974287,180.15274782180785
cotinine_ng_ml,0.013375364606249064,179.02489948272705
hscrp_mg_l,0.01330176906021012,148.1929536819458
tg_hdl_ratio,0.012953454799531357,149.11216831207275
alt_u_l,0.012841497885983483,125.67272987365723
bmi,0.012544832766286068,223.62510604858397
plr,0.012375733361243233,149.75702152252197
ast_u_l,0.01115471717883007,145.9170739173889
tyg_wc,0.010938741395262847,457.78633365631106
phosphorus_mg_dl,0.010724956192363166,144.8923936843872
total_protein_g_dl,0.010472791312818254,129.40795001983642
neut_lymph_ratio,0.008743010920548022,256.97063694000246
sii,0.008230028098509593,101.69985580444336
alcohol_drinks_per_day,0.007432815220557372,117.48041381835938
alb_glob_ratio,0.007399525867714149,158.0924662590027
pulse_pressure,0.007318680624583153,183.528355884552
glucose_serum_mg_dl,0.007166661498060726,243.24218072891236
hsi,0.006857736507697596,127.33416519165038
cigs_per_day,0.006514399074041067,129.16566190719604
wbc_1000_ul,0.006246570378794013,170.2129259109497
fasting_glucose_mg_dl,0.006212447851005833,145.26244802474974
albumin_g_dl,0.006122428516420154,144.59779605865478
triglycerides_mg_dl,0.005776584489282429,129.05964574813842
remnant_chol,0.005714294505146948,123.62848377227783
height_cm,0.005136598511257306,242.7249903678894
anion_gap,0.004877466936594471,83.50113792419434
bicarbonate_mmol_l,0.004657112908127248,98.5108455657959
apri,0.004450392713124308,200.84344968795776
mch_pg,0.0044288786191526465,104.1030740737915
tc_hdl_ratio,0.004349141596447918,127.44553022384643
mcv_fl,0.004031807872405692,150.14503784179686
mchc_g_dl,0.004020005382754134,168.2553297996521
hematocrit_pct,0.003943141245460515,149.03665161132812
mpv_fl,0.003757685058690036,100.81514186859131
hemoglobin_g_dl,0.003623761757613871,136.74670734405518
ast_alt_ratio,0.003284382160427166,133.14827737808227
neut_pct,0.003262760441315799,141.49888620376586
baso_pct,0.0031608689214881465,72.05682201385498
globulin_g_dl,0.0030389257346823345,69.54424200057983
chloride_mmol_l,0.0029770510901418984,86.50321950912476
ldl_hdl_ratio,0.002906671272241171,81.75344123840333
calcium_mg_dl,0.002273947470414131,106.67999839782715
smoking_status,0.0017141972515332467,96.83248825073242
